{
    "Visible Width (cm)": 20.679620946454513,
    "Visible Height (cm)": 15.509715709840883,
    "Center of Mass (px)": [
        312.5,
        185.75
    ],
    "Center of Mass (cm)": [
        10.097471237182617,
        6.001936912536621
    ]
}